path,lines,bytes,isAuthRelated,why
"dist\assets\mapbox-D_9SAz2h.js",2662,1570579,true,"Path contains 'user'"
"dist\bundle-analysis.html",4950,1336849,true,"Path contains 'user'"
"dist\assets\index-B_dTy4fB.js",1051,1092357,true,"Path contains 'user'"
"package-lock.json",27537,1023964,true,"Path contains 'user'"
"test-results\assets\index-D_ryMEPs.js",59,696613,true,"Path contains 'user'"
"test-results\results.json",1,369644,true,"Path contains 'user'"
"test-results\html.meta.json.gz",1153,282511,true,"Path contains 'user'"
"mobile-audit-report.json",5484,229804,true,"Path contains 'user'"
"dist\og-image.png",980,218975,true,"Path contains 'user'"
"public\og-image.png",980,218975,true,"Path contains 'user'"
"dist\assets\index-BiqQ0ccO.css",2,218599,true,"Path contains 'user'"
"src\integrations\supabase\types.ts",7067,215628,true,"Path contains 'supabase'"
"dist\image.png",702,202626,true,"Path contains 'user'"
"public\image.png",702,202626,true,"Path contains 'user'"
"bun.lockb",387,198351,true,"Path contains 'user'"
"test-results\bg.png",582,190939,true,"Path contains 'user'"
"dist\cropgeniuslogo.png",678,187027,true,"Path contains 'user'"
"dist\lovable-uploads\cropgeniuslogo.png",678,187027,true,"Path contains 'user'"
"public\cropgeniuslogo.png",678,187027,true,"Path contains 'user'"
"public\lovable-uploads\cropgeniuslogo.png",678,187027,true,"Path contains 'user'"
"dist\assets\vendor-DX0g0oZq.js",60,162610,true,"Path contains 'user'"
"dist\assets\FieldMap-Bz6U1y2v.js",5,154879,true,"Path contains 'user'"
"dist\assets\ui-D0Q_Slxv.js",54,99573,true,"Path contains 'user'"
"test-results\assets\index-X8b7Z_4p.css",2,76826,true,"Path contains 'user'"
"dist\splash\splash-2048x2732.png",276,66044,true,"Path contains 'user'"
"public\splash\splash-2048x2732.png",276,66044,true,"Path contains 'user'"
"dist\splash\splash-1668x2388.png",69,52941,true,"Path contains 'user'"
"public\splash\splash-1668x2388.png",69,52941,true,"Path contains 'user'"
"dist\splash\splash-1668x2224.png",72,50042,true,"Path contains 'user'"
"public\splash\splash-1668x2224.png",72,50042,true,"Path contains 'user'"
"src\pages\Community.tsx",1188,50042,true,"Path contains 'user'"
"dist\splash\splash-1536x2048.png",84,45034,true,"Path contains 'user'"
"public\splash\splash-1536x2048.png",84,45034,true,"Path contains 'user'"
"dist\splash\splash-1242x2688.png",43,44649,true,"Path contains 'user'"
"public\splash\splash-1242x2688.png",43,44649,true,"Path contains 'user'"
"supabase\functions\field-ai-insights\index.ts",1330,43850,true,"Path contains 'supabase'"
"dist\splash\splash-1242x2208.png",65,39328,true,"Path contains 'user'"
"public\splash\splash-1242x2208.png",65,39328,true,"Path contains 'user'"
"backend_test.py",923,38875,true,"Path contains 'user'"
"src\components\market-data\MarketListings.tsx",1029,38475,true,"Path contains 'user'"
"dist\splash\splash-1125x2436.png",47,38381,true,"Path contains 'user'"
"public\splash\splash-1125x2436.png",47,38381,true,"Path contains 'user'"
"organicfarmplan-book-of-lies.md",1020,35053,true,"Path contains 'user'"
"src\services\RealGeminiAIService.ts",880,34317,true,"Path contains 'user'"
"src\components\fields\MapboxFieldMap.tsx",950,32516,true,"Path contains 'user'"
"src\agents\EnhancedCropDiseaseOracle.ts",796,31071,true,"Path contains 'user'"
"src\components\scanner\CropScanner.tsx",752,29629,true,"Path contains 'user'"
"src\agents\WhatsAppFarmingBot.ts",881,27073,true,"Path contains 'user'"
"src\services\OrganicAIRevolutionService.ts",693,26796,true,"Path contains 'user'"
"dist\splash\splash-828x1792.png",30,26080,true,"Path contains 'user'"
"public\splash\splash-828x1792.png",30,26080,true,"Path contains 'user'"
"src\services\weatherIntelligence.ts",674,25803,true,"Path contains 'user'"
"src\agents\WeatherIntelligenceEngine.ts",740,24725,true,"Path contains 'user'"
"src\services\whatsappIntelligence.ts",614,24678,true,"Path contains 'user'"
"src\components\FarmPlanner.tsx",652,24316,true,"Path contains 'user'"
"src\services\AgentRouter.ts",658,24292,true,"Path contains 'user'"
"src\pages\QuestionsPage.tsx",633,23703,true,"Path contains 'user'"
"src\pages\Index.tsx",498,23601,true,"Path contains 'user'"
"src\components\fields\wizard\AddFieldWizard.fixed.tsx",624,23318,true,"Path contains 'user'"
"src\components\ui\sidebar.tsx",762,23269,true,"Path contains 'user'"
"dist\optimized\og-image.png",102,23116,true,"Path contains 'user'"
"public\optimized\og-image.png",102,23116,true,"Path contains 'user'"
"spec\sql\schema.sql",619,23092,true,"Path contains 'user'"
"src\components\fields\wizard\AddFieldWizard.updated.tsx",559,22969,true,"Path contains 'user'"
"src\components\home\TodaysFarmPlan.tsx",571,22588,true,"Path contains 'user'"
"supabase\migrations\20250113_populate_real_organic_recipes.sql",237,22572,true,"Path contains 'supabase'"
"src\components\MarketIntelligenceBoard.tsx",608,22400,true,"Path contains 'user'"
"supabase\migrations\20250801_genius_tasks_system.sql",570,22344,true,"Path contains 'supabase'"
"src\pages\FieldDetail.tsx",567,21967,true,"Path contains 'user'"
"src\components\fields\MapboxFieldMap.fixed.tsx",677,21374,true,"Path contains 'user'"
"src\agents\FieldBrainAgent.ts",650,21306,true,"Path contains 'user'"
"src\components\organic\HomebrewArsenal.tsx",506,21266,true,"Path contains 'user'"
"src\components\SatelliteImageryDisplay.tsx",478,21250,true,"Path contains 'user'"
"src\components\referrals\ReferralAnalytics.tsx",553,21208,true,"Path contains 'user'"
"src\services\marketIntelligence.ts",655,21152,true,"Path contains 'user'"
"src\services\DirectOrganicService.ts",619,21007,true,"Path contains 'user'"
"src\services\MultiSourceSatelliteEngine.ts",570,20832,true,"Path contains 'user'"
"src\pages\FarmPlan.tsx",600,20825,true,"Path contains 'user'"
"README.md",599,20567,true,"Path contains 'user'"
"src\services\OrganicScoringEngine.ts",566,20495,true,"Path contains 'user'"
"dist\splash\splash-750x1334.png",27,20269,true,"Path contains 'user'"
"public\splash\splash-750x1334.png",27,20269,true,"Path contains 'user'"
"src\components\crop-disease\DiseaseDetectionHistory.tsx",510,19875,true,"Path contains 'user'"
"src\agents\WeatherAgent.ts",515,19530,true,"Path contains 'user'"
"src\services\DailyTaskManager.ts",514,19233,true,"Path contains 'user'"
"src\pages\YieldPredictor.tsx",473,19112,true,"Path contains 'user'"
"src\services\fieldIntelligence.ts",588,19005,true,"Path contains 'user'"
"fieldsboooflies.md",520,18706,true,"Path contains 'user'"
"src\services\OrganicActionGenerator.ts",525,18539,true,"Path contains 'user'"
"supabase\migrations\20250119000000_create_farm_health_monitoring.sql",552,18535,true,"Path contains 'supabase'"
"src\hooks\useFieldData.ts",558,18528,true,"Path contains 'user'"
"supabase\migrations\20250806_organic_ai_plan_revolution.sql",523,18448,true,"Path contains 'supabase'"
"src\pages\MarketDataPage.tsx",456,18374,true,"Path contains 'user'"
"src\intelligence\realMarketIntelligence.ts",590,18279,true,"Path contains 'user'"
"src\api\marketDataApi.ts",576,18237,true,"Path contains 'user'"
"src\pages\Settings.tsx",517,18090,true,"Path contains 'user'"
"src\components\fields\GeniusGrow.tsx",455,17992,true,"Path contains 'user'"
"src\components\market-data\MarketOverview.tsx",531,17746,true,"Path contains 'user'"
"backend_test_new.py",447,17621,true,"Path contains 'user'"
"AI Field Insights - CROPGenius AI analysis and recommendations for your field.md",496,17603,true,"Path contains 'user'"
"src\components\organic\OrganicProgressDashboard.tsx",412,17531,true,"Path contains 'user'"
"src\intelligence\enhancedFieldIntelligence.ts",499,17524,true,"Path contains 'user'"
"spec\supabase_data_models_full.yaml",469,17475,true,"Path contains 'supabase'"
"src\pages\QuestionDetailPage.tsx",468,17246,true,"Path contains 'user'"
"src\services\ai\AgentService.ts",523,17082,true,"Path contains 'user'"
"supabase\migrations\20250113_organic_intelligence_weapon_enhancement.sql",463,17022,true,"Path contains 'supabase'"
"src\agents\CropDiseaseIntelligence.ts",499,16953,true,"Path contains 'user'"
"src\components\weather\WeatherForecastPanel.tsx",426,16913,true,"Path contains 'user'"
"src\services\CommunityService.ts",606,16735,true,"Path contains 'user'"
"dist\splash\splash-640x1136.png",23,16678,true,"Path contains 'user'"
"public\splash\splash-640x1136.png",23,16678,true,"Path contains 'user'"
"spec\sql\rls_policies.sql",427,16636,true,"Path contains 'user'"
"src\hooks\useAIAgentHub.ts",413,16564,true,"Path contains 'user'"
"src\components\weather\SeasonalPredictions.tsx",394,16522,true,"Path contains 'user'"
"src\hooks\useFarmContext.ts",543,16047,true,"Path contains 'user'"
"src\agents\ProductionWhatsAppBot.ts",479,16037,true,"Path contains 'user'"
"src\components\community\__tests__\CommunityComponents.test.tsx",549,16002,true,"Path contains 'user'"
"src\hooks\useAgriculturalChat.ts",487,15701,true,"Path contains 'user'"
"supabase\functions\crop-recommendations\index.ts",510,15662,true,"Path contains 'supabase'"
"src\intelligence\fieldIntelligence.ts",452,15534,true,"Path contains 'user'"
"src\components\mobile\GeniusCommandCenter.tsx",389,15396,true,"Path contains 'user'"
"src\components\user-management\UserTable.tsx",466,15354,true,"Path contains 'user'"
"src\components\home\WeatherPreview-DESKTOP-DM1UCBO.tsx",332,15322,true,"Path contains 'user'"
"src\components\CropRecommendation.tsx",378,15315,true,"Path contains 'user'"
"src\hooks\useCredits.ts",483,15239,true,"Path contains 'user'"
"src\pages\ReferralsPage.tsx",363,15165,true,"Path contains 'user'"
"src\services\fieldAIService.ts",412,15094,true,"Path contains 'user'"
"dist\assets\RealGeminiAIService-Ba-P_sSG.js",105,15047,true,"Path contains 'user'"
"src\components\community\AskQuestionForm.tsx",456,15040,true,"Path contains 'user'"
"dist\assets\FieldMap-Dgihpmma.css",2,15037,true,"Path contains 'user'"
"src\services\cropIntelligence.ts",429,14924,true,"Path contains 'user'"
"src\components\mobile\FarmerCommunityHub.tsx",401,14833,true,"Path contains 'user'"
"src\agents\YieldPredictorAgent.ts",427,14826,true,"Path contains 'user'"
"src\components\dashboard\mobile\PsychologyTriggers.tsx",415,14681,true,"Path contains 'user'"
"src\components\market-data\MarketPriceChart.tsx",435,14375,true,"Path contains 'user'"
"src\components\user-management\RoleEditor.tsx",443,14267,true,"Path contains 'user'"
"src\components\crops\AddCropForm.tsx",393,14051,true,"Path contains 'user'"
"src\components\weather\ForecastPanel.tsx",347,14046,true,"Path contains 'user'"
"src\services\OrganicIntelligenceEngine.ts",413,13985,true,"Path contains 'user'"
"src\features\onboarding\OnboardingWizard.tsx",384,13975,true,"Path contains 'user'"
"src\hooks\useMemoryStore.ts",450,13853,true,"Path contains 'user'"
"src\services\MapNavigationEngine.ts",480,13830,true,"Path contains 'user'"
"AI Field InsightsCROPGenius AI analysis and recommendations for your field.md",374,13725,true,"Path contains 'user'"
"src\components\fields\wizard\steps\StepOne.tsx",384,13677,true,"Path contains 'user'"
"src\components\fields\MapSearchInput.tsx",411,13604,true,"Path contains 'user'"
"src\components\mobile\DiseaseDetectionCamera.tsx",289,13336,true,"Path contains 'user'"
"src\services\FarmHealthService.ts",415,13287,true,"Path contains 'user'"
"src\agents\CommunityQuestionOracle.ts",391,13211,true,"Path contains 'user'"
"src\agents\CropScanAgent.ts",344,13204,true,"Path contains 'user'"
"src\components\home\WeatherPreview.tsx",330,13161,true,"Path contains 'user'"
"src\pages\TaskManager.tsx",344,13055,true,"Path contains 'user'"
"supabase\migrations\20240726000000_create_farm_health_schema.sql",296,13048,true,"Path contains 'supabase'"
"src\components\home\MarketPreview.tsx",351,12898,true,"Path contains 'user'"
"src\components\fields\AddFieldForm.tsx",341,12888,true,"Path contains 'user'"
"src\services\OrganicAIService.ts",372,12837,true,"Path contains 'user'"
"src\services\AlertSystem.ts",378,12700,true,"Path contains 'user'"
"supabase\functions\agricultural-ai-chat\index.ts",413,12691,true,"Path contains 'supabase'"
"src\types\geniusTask.ts",416,12556,true,"Path contains 'user'"
"src\services\UnifiedWeatherService.ts",404,12541,true,"Path contains 'user'"
"src\services\HomebrewArsenalService.ts",419,12476,true,"Path contains 'user'"
"src\services\offlineSatelliteCache.ts",435,12469,true,"Path contains 'user'"
"src\agents\CropDiseaseOracle.ts",353,12437,true,"Path contains 'user'"
"src\components\mobile\WeatherSummaryWidget.tsx",301,12385,true,"Path contains 'user'"
"src\components\crop-disease\DiseaseGallery.tsx",302,12303,true,"Path contains 'user'"
"src\pages\CropDiseaseDetectionPage.tsx",322,12272,true,"Path contains 'user'"
"supabase\migrations\20250120000000_create_crop_disease_tables.sql",1,12086,true,"Path contains 'supabase'"
"spec\complete_supabase_fusion_readme.md",374,12009,true,"Path contains 'supabase'"
"src\components\welcome\WelcomeBackCard.tsx",350,12006,true,"Path contains 'user'"
"validate-ai-systems.mjs",381,11991,true,"Path contains 'user'"
"spec\auth_and_role_flows_full.md",476,11926,true,"Path contains 'auth'"
"src\services\satelliteAlertService.ts",345,11869,true,"Path contains 'user'"
"src\services\DashboardDataManager.ts",423,11846,true,"Path contains 'user'"
"src\components\AuthFallback.tsx",336,11821,true,"Path contains 'auth'"
"src\components\weather\YourFarmButton.tsx",319,11818,true,"Path contains 'user'"
"spec\edge_functions.md",500,11782,true,"Path contains 'user'"
"src\features\mission-control\components\CreateTaskModal.tsx",317,11768,true,"Path contains 'user'"
"src\intelligence\marketIntelligence.ts",367,11754,true,"Path contains 'user'"
"supabase\migrations\20250805_populate_homebrew_arsenal.sql",145,11674,true,"Path contains 'supabase'"
"supabase\functions\crop-records\index.ts",394,11663,true,"Path contains 'supabase'"
"src\components\fields\wizard\AddFieldWizard.tsx",377,11606,true,"Path contains 'user'"
"src\components\ui\liquid-glass-button.tsx",174,11598,true,"Path contains 'user'"
"src\services\farmPlanService.ts",303,11590,true,"Path contains 'user'"
"src\components\market-data\DemandIndicator.tsx",395,11535,true,"Path contains 'user'"
"src\components\user-management\UserDeleteConfirmation.tsx",344,11528,true,"Path contains 'user'"
"supabase\migrations\20250117000003_comprehensive_rollback.sql",340,11492,true,"Path contains 'supabase'"
"src\agents\YieldPredictorOracle.ts",329,11446,true,"Path contains 'user'"
"src\components\fields\wizard\steps\FieldMapperStep.tsx",315,11291,true,"Path contains 'user'"
"src\services\SearchCacheManager.ts",372,11208,true,"Path contains 'user'"
"src\components\satellite\SatelliteMapDisplay.tsx",299,11151,true,"Path contains 'user'"
"src\components\genius-tasks\GeniusTaskCard.tsx",240,11076,true,"Path contains 'user'"
"src\components\ai\FieldBrainAssistant.tsx",336,11072,true,"Path contains 'user'"
"src\components\dashboard\MissionControl-DESKTOP-DM1UCBO.tsx",303,11069,true,"Path contains 'user'"
"supabase\migrations\20250726000002_create_missing_tables.sql",237,11036,true,"Path contains 'supabase'"
"supabase\migrations\20240711_initial_schema.sql",319,11026,true,"Path contains 'supabase'"
"src\components\organic\DailyOrganicActionCard.tsx",312,10884,true,"Path contains 'user'"
"src\services\PersonalizationEngine.ts",339,10874,true,"Path contains 'user'"
"src\index.css",618,10858,true,"Path contains 'user'"
"src\components\satellite\FieldAnalysisResults.tsx",274,10837,true,"Path contains 'user'"
"src\components\ai\YieldPredictionPanel.tsx",281,10819,true,"Path contains 'user'"
"src\components\organic\ExportMarketPlatform.tsx",286,10785,true,"Path contains 'user'"
"src\components\fields\wizard\steps\FieldMapperStep.fixed.tsx",301,10746,true,"Path contains 'user'"
"src\components\organic\DailySuperpowerCard.tsx",265,10683,true,"Path contains 'user'"
"src\pages\AuthResurrected.tsx",255,10604,true,"Path contains 'auth'"
"src\components\debug\DevDebugPanel.tsx",293,10495,true,"Path contains 'user'"
"src\components\ui\chart.tsx",364,10490,true,"Path contains 'user'"
"src\hooks\useFarmPlanning.ts",344,10426,true,"Path contains 'user'"
"src\hooks\useMarketData.ts",351,10394,true,"Path contains 'user'"
"src\components\organic\LaunchDashboard.tsx",240,10314,true,"Path contains 'user'"
"src\pages\JoinPage.tsx",247,10285,true,"Path contains 'user'"
"src\components\home\CropScannerPreview.tsx",255,10259,true,"Path contains 'user'"
"src\components\community\MobileCommunityCard.tsx",296,10189,true,"Path contains 'user'"
"src\services\marketDataService.ts",358,10162,true,"Path contains 'user'"
"src\services\GeolocationService.ts",352,10153,true,"Path contains 'user'"
"supabase\functions\generate-daily-tasks\index.ts",287,10100,true,"Path contains 'supabase'"
"src\hooks\useFarmHealth.ts",330,10090,true,"Path contains 'user'"
"scripts\test-payment-system-fixes.js",293,10051,true,"Path contains 'user'"
"src\components\oracle\GeniusActionStream.tsx",375,10029,true,"Path contains 'user'"
"dist\icons\icon-512x512.png",29,9941,true,"Path contains 'user'"
"src\components\mobile\MarketIntelligenceDashboard.tsx",228,9825,true,"Path contains 'user'"
"spec\supabase_function_map.md",460,9772,true,"Path contains 'supabase'"
"src\components\alerts\AgriculturalAlertNotification.tsx",255,9764,true,"Path contains 'user'"
"src\components\alerts\AlertDashboard.tsx",243,9740,true,"Path contains 'user'"
"src\components\CropRecommendation\README.md",265,9737,true,"Path contains 'user'"
"src\api\onboardingApi.ts",332,9692,true,"Path contains 'user'"
"src\components\genius-tasks\TodaysGeniusTasks.tsx",264,9689,true,"Path contains 'user'"
"src\components\CropGeniusApp.tsx",280,9602,true,"Path contains 'user'"
"validate-critical-fixes.mjs",315,9546,true,"Path contains 'user'"
"src\components\weather\FarmActionsList.tsx",282,9518,true,"Path contains 'user'"
"src\components\organic\CertificationHub.tsx",236,9387,true,"Path contains 'user'"
"supabase\functions\market-data-sync\index.ts",318,9382,true,"Path contains 'supabase'"
"src\components\community\AnswerForm.tsx",292,9346,true,"Path contains 'user'"
"spec\ai_usage_and_prompt_log.yaml",292,9254,true,"Path contains 'user'"
"src\components\home\WelcomeSection.tsx",228,9168,true,"Path contains 'user'"
"src\components\ui\pricing.tsx",238,8964,true,"Path contains 'user'"
"supabase\functions\send-satellite-whatsapp-alert\index.ts",243,8934,true,"Path contains 'supabase'"
"src\components\home\AIChatPreview.tsx",243,8888,true,"Path contains 'user'"
"src\services\cropService.ts",306,8870,true,"Path contains 'user'"
"src\components\CropRecommendation\CropRecommendationExample.tsx",256,8852,true,"Path contains 'user'"
"src\services\diseaseCache.ts",335,8837,true,"Path contains 'user'"
"src\agents\AIFarmPlanAgent.ts",199,8800,true,"Path contains 'user'"
"src\components\GlobalMenu.tsx",230,8762,true,"Path contains 'user'"
"src\components\fields\wizard\steps\StepTwo.tsx",272,8634,true,"Path contains 'user'"
"src\types\supabase.ts",313,8606,true,"Path contains 'supabase'"
"src\components\community\QuestionCard.tsx",231,8577,true,"Path contains 'user'"
"supabase\migrations\20250726000001_fix_foreign_keys.sql",236,8568,true,"Path contains 'supabase'"
"src\components\ai\AskGeniusWidget.tsx",256,8558,true,"Path contains 'user'"
"src\components\onboarding\OnboardingStep.tsx",271,8497,true,"Path contains 'user'"
"src\utils\performanceMonitor.ts",307,8465,true,"Path contains 'user'"
"supabase\migrations\20250621_initial_schema.sql",268,8451,true,"Path contains 'supabase'"
"src\services\sentinelHubService.ts",292,8391,true,"Path contains 'user'"
"supabase\migrations\20250730_create_weather_data_table.sql",263,8301,true,"Path contains 'supabase'"
"src\lib\network.ts",305,8280,true,"Path contains 'user'"
"vite.config.ts.timestamp-1755635341564-94720bbbccd81.mjs",83,8258,true,"Path contains 'user'"
"src\components\FieldHistoryTracker.tsx",234,8227,true,"Path contains 'user'"
"src\components\dashboard\PowerHeader-DESKTOP-DM1UCBO.tsx",206,8189,true,"Path contains 'user'"
"src\components\genius-tasks\TaskCelebration.tsx",234,8164,true,"Path contains 'user'"
"vite.config.ts.timestamp-1754224336370-e39c0c45673a9.mjs",82,8097,true,"Path contains 'user'"
"src\components\oracle\FarmFutureOrb.tsx",306,8045,true,"Path contains 'user'"
"src\hooks\useCommunityData.ts",289,8019,true,"Path contains 'user'"
"src\lib\personalizationEngine.ts",277,7963,true,"Path contains 'user'"
"src\pages\PaymentCallback.tsx",223,7933,true,"Path contains 'callback'"
"src\components\ai\WhatsAppOptIn.tsx",241,7931,true,"Path contains 'user'"
"src\components\home\SmartFarmTools.tsx",258,7924,true,"Path contains 'user'"
"src\components\community\AnswerCard.tsx",216,7908,true,"Path contains 'user'"
"src\services\performance.ts",322,7897,true,"Path contains 'user'"
"dist\optimized\og-image.webp",36,7888,true,"Path contains 'user'"
"public\optimized\og-image.webp",36,7888,true,"Path contains 'user'"
"supabase\functions\satellite-imagery\index.ts",253,7884,true,"Path contains 'supabase'"
"vite.config.ts.timestamp-1754248218194-d933d921f6cd3.mjs",80,7876,true,"Path contains 'user'"
"vite.config.ts.timestamp-1755077264188-0352ac960f6e6.mjs",80,7876,true,"Path contains 'user'"
"src\api\authApi.ts",299,7852,true,"Path contains 'auth'"
"src\hooks\useFieldBrain.tsx",243,7849,true,"Path contains 'user'"
"src\components\ui\menubar.tsx",235,7836,true,"Path contains 'user'"
"src\pages\Fields.tsx",213,7834,true,"Path contains 'user'"
"spec\rpc\functions.sql",247,7830,true,"Path contains 'user'"
"create_market_listings_table.py",178,7828,true,"Path contains 'user'"
"src\utils\mobileOptimizer.ts",278,7805,true,"Path contains 'user'"
"src\api\missionControlApi.ts",268,7742,true,"Path contains 'user'"
"src\services\onboardingService.ts",259,7712,true,"Path contains 'user'"
"src\agents\SmartMarketAgent.ts",260,7681,true,"Path contains 'user'"
"src\services\BulletproofSupabase.ts",294,7667,true,"Path contains 'supabase'"
"src\components\pro\ProUpgradeModal.tsx",209,7657,true,"Path contains 'user'"
"src\components\fields\SmartFieldRecommender.tsx",202,7641,true,"Path contains 'user'"
"src\components\satellite\ProblemAreasAlert.tsx",191,7620,true,"Path contains 'user'"
"src\pages\More.tsx",220,7537,true,"Path contains 'user'"
"src\components\badges\GeniusBadge.tsx",225,7507,true,"Path contains 'user'"
"src\components\organic\IntelligenceDashboard.tsx",174,7482,true,"Path contains 'user'"
"supabase\migrations\20250624_add_complete_onboarding.sql",253,7447,true,"Path contains 'supabase'"
"src\services\EnhancedAuthService.ts",278,7439,true,"Path contains 'auth'"
"src\pages\ManageFields.tsx",223,7425,true,"Path contains 'user'"
"src\utils\weatherDataService.ts",221,7228,true,"Path contains 'user'"
"COMMUNITY_PRODUCTION_READY.md",199,7219,true,"Path contains 'user'"
"src\services\AIServiceError.ts",225,7208,true,"Path contains 'user'"
"src\components\ui\dropdown-menu.tsx",199,7193,true,"Path contains 'user'"
"supabase\migrations\20250726000000_fix_schema_issues.sql",212,7177,true,"Path contains 'supabase'"
"src\components\ui\context-menu.tsx",199,7144,true,"Path contains 'user'"
"src\components\ui\liquid-weather-glass.tsx",213,7131,true,"Path contains 'user'"
"src\api\whatsapp-webhook.ts",221,7031,true,"Path contains 'user'"
"supabase\functions\farm-planner\index.ts",239,7031,true,"Path contains 'supabase'"
"src\utils\fieldSync.ts",217,6996,true,"Path contains 'user'"
"supabase\migrations\20250805_create_organic_intelligence_tables.sql",162,6995,true,"Path contains 'supabase'"
"dist\icons\icon-384x384.png",15,6964,true,"Path contains 'user'"
"src\components\mobile\LoadingStates.tsx",167,6957,true,"Path contains 'user'"
"src\utils\diagnosticService.ts",272,6949,true,"Path contains 'user'"
"src\intelligence\messaging\whatsapp.ts",184,6882,true,"Path contains 'user'"
"src\components\mobile\SatelliteFieldViewer.tsx",204,6872,true,"Path contains 'user'"
"src\components\organic\FarmerNetwork.tsx",164,6863,true,"Path contains 'user'"
"src\hooks\useBackendIntelligence.ts",227,6799,true,"Path contains 'user'"
"src\features\onboarding\OnboardingWizard.new.tsx",190,6773,true,"Path contains 'user'"
"supabase\migrations\20250815170057_260df011-b016-4f98-a737-cb2061524fa2.sql",189,6685,true,"Path contains 'supabase'"
"src\services\ImageOptimizer.ts",219,6671,true,"Path contains 'user'"
"src\pages\Chat.tsx",163,6651,true,"Path contains 'user'"
"supabase\functions\pesapal-ipn\index.ts",183,6575,true,"Path contains 'supabase'"
"spec\realtime_triggers_and_listeners.json",200,6572,true,"Path contains 'user'"
"src\services\MultiLanguageEngine.ts",221,6486,true,"Path contains 'user'"
"supabase\functions\yield-predictor\index.ts",206,6478,true,"Path contains 'supabase'"
"package.json",175,6461,true,"Path contains 'user'"
"src\services\SatelliteAuthenticationService.ts",220,6430,true,"Path contains 'auth'"
"src\components\organic\MobileOptimized.tsx",173,6293,true,"Path contains 'user'"
"src\services\ViralEngine.ts",205,6261,true,"Path contains 'user'"
"src\utils\weatherService.ts",168,6257,true,"Path contains 'user'"
"insert_market_listings.py",210,6231,true,"Path contains 'user'"
"src\components\ui\carousel.tsx",261,6222,true,"Path contains 'user'"
"supabase\migrations\20250802_enhanced_crop_scans_table.sql",156,6217,true,"Path contains 'supabase'"
"src\components\fields\wizard\steps\StepFour.tsx",206,6215,true,"Path contains 'user'"
"supabase\migrations\20250805_create_crop_recommendations_table.sql",105,6198,true,"Path contains 'supabase'"
"src\features\onboarding\steps\StepTwoCropSeasons.tsx",168,6175,true,"Path contains 'user'"
"src\components\ui\LiquidGlassCard.tsx",196,6151,true,"Path contains 'user'"
"src\styles\mobile-optimizations.css",343,6140,true,"Path contains 'user'"
"supabase\functions\verify-payment-status\index.ts",187,6057,true,"Path contains 'supabase'"
"supabase\migrations\20250730_fix_missing_tables.sql",137,6041,true,"Path contains 'supabase'"
"src\services\ReverseGeocodingService.ts",184,6032,true,"Path contains 'user'"
"scripts\validate-production-readiness.cjs",169,6021,true,"Path contains 'user'"
"src\components\referrals\InviteModal.tsx",191,6015,true,"Path contains 'user'"
"supabase\functions\check-ai-insights\index.ts",178,6014,true,"Path contains 'supabase'"
"PAYMENT_SYSTEM_PRODUCTION_READY.md",211,6004,true,"Path contains 'user'"
"src\features\onboarding\steps\StepFourResources.tsx",145,6002,true,"Path contains 'user'"
"supabase\functions\fn-crop-disease\index.ts",194,5999,true,"Path contains 'supabase'"
"src\components\dashboard\mobile\ProSwipeBanner.tsx",170,5961,true,"Path contains 'user'"
"src\hooks\useReferralSystem.ts",206,5893,true,"Path contains 'user'"
"src\components\fields\wizard\steps\StepThree.tsx",191,5880,true,"Path contains 'user'"
"supabase\functions\ai-chat\index.ts",188,5860,true,"Path contains 'supabase'"
"supabase\functions\market-intelligence\index.ts",182,5841,true,"Path contains 'supabase'"
"src\lib\aiAgents.ts",234,5834,true,"Path contains 'user'"
"supabase\functions\crop-disease-detector\index.ts",187,5818,true,"Path contains 'supabase'"
"src\intelligence\cropDiseaseIntelligence.ts",166,5813,true,"Path contains 'user'"
"src\components\fields\WeatherAlerts.tsx",136,5685,true,"Path contains 'user'"
"src\components\ui\smart-search.tsx",174,5666,true,"Path contains 'user'"
"src\utils\fieldSanitizer.ts",178,5591,true,"Path contains 'user'"
"supabase\migrations\20250118000000_fix_user_credits_rls.sql",164,5574,true,"Path contains 'supabase'"
"src\components\onboarding\FarmOnboarding.tsx",171,5573,true,"Path contains 'user'"
"src\components\ui\select.tsx",159,5531,true,"Path contains 'user'"
"src\components\weather\DisasterAlerts.tsx",149,5531,true,"Path contains 'user'"
"src\components\MapSelector.tsx",178,5526,true,"Path contains 'user'"
"database\setup_market_listings.sql",121,5523,true,"Path contains 'user'"
"src\components\weather\ActionItem.tsx",168,5495,true,"Path contains 'user'"
"src\styles\glassmorphism.css",194,5480,true,"Path contains 'user'"
"src\components\organic\PremiumUpgrade.tsx",141,5454,true,"Path contains 'user'"
"src\components\farms\SatelliteFarmCard.tsx",145,5407,true,"Path contains 'user'"
"src\lib\code-scanner\ast-scanner.ts",154,5399,true,"Path contains 'user'"
"src\components\fields\wizard\steps\StepFive.tsx",178,5380,true,"Path contains 'user'"
"spec\README.md",214,5304,true,"Path contains 'user'"
"src\components\demo\AddFieldDemo.tsx",118,5300,true,"Path contains 'user'"
"supabase\migrations\20250729_create_crop_records_table.sql",157,5297,true,"Path contains 'supabase'"
"src\components\ui\ai-input.tsx",155,5283,true,"Path contains 'user'"
"src\components\pro\SubscriptionSettings.tsx",136,5279,true,"Path contains 'user'"
"src\components\layout\ResponsiveLayout.tsx",169,5247,true,"Path contains 'user'"
"deployment-validation-report.json",172,5222,true,"Path contains 'user'"
"supabase\functions\field-analysis\index.ts",170,5218,true,"Path contains 'supabase'"
"supabase\functions\crop-disease-proxy\index.ts",161,5195,true,"Path contains 'supabase'"
"supabase\migrations\ROLLBACK_PROCEDURES.md",176,5183,true,"Path contains 'supabase'"
"src\components\satellite\FieldHealthMetrics.tsx",126,5182,true,"Path contains 'user'"
"src\components\CropRecommendation\CropRecommendationSkeleton.tsx",133,5165,true,"Path contains 'user'"
"src\hooks\useOnboarding.ts",182,5163,true,"Path contains 'user'"
"supabase\migrations\20250815170113_9ba19892-1cf6-45e0-b6a4-fa903d8df587.sql",147,5162,true,"Path contains 'supabase'"
"src\App.css",268,5151,true,"Path contains 'user'"
"src\components\fields\OfflineStatusIndicator.tsx",147,5137,true,"Path contains 'user'"
"src\components\weather\FieldWeatherPanel.tsx",135,5110,true,"Path contains 'user'"
"supabase\migrations\20250825000001_sync_subscription_tables.sql",179,5105,true,"Path contains 'supabase'"
"supabase\functions\ai-agricultural-chat\index.ts",167,5081,true,"Path contains 'supabase'"
"src\services\LaunchEngine.ts",184,5044,true,"Path contains 'user'"
"src\components\community\VotingButtons.tsx",167,5014,true,"Path contains 'user'"
"src\services\paymentVerification.ts",141,5009,true,"Path contains 'user'"
"src\components\ui\navigation-menu.tsx",129,4980,true,"Path contains 'user'"
"src\components\debug\MemoryDebugPanel.tsx",149,4977,true,"Path contains 'user'"
"src\AppRoutes.tsx",94,4971,true,"Path contains 'user'"
"src\utils\aiChatService.ts",132,4967,true,"Path contains 'user'"
"src\pages\OnboardingPage.tsx",133,4962,true,"Path contains 'user'"
"src\pages\MissionControlPage.tsx",137,4947,true,"Path contains 'user'"
"src\components\ServiceWorkerStatus.tsx",123,4899,true,"Path contains 'user'"
"src\components\weather\WeatherDashboard.tsx",138,4899,true,"Path contains 'user'"
"CRITICAL_SYSTEM_AUDIT_REPORT.md",158,4898,true,"Path contains 'user'"
"src\lib\code-scanner\orphan-detector.ts",183,4897,true,"Path contains 'user'"
"src\hooks\useMissionControl.ts",164,4870,true,"Path contains 'user'"
"src\services\OrganicGamificationEngine.ts",145,4856,true,"Path contains 'user'"
"src\components\ui\command.tsx",154,4795,true,"Path contains 'user'"
"src\components\ui\toast.tsx",128,4773,true,"Path contains 'user'"
"src\components\AIChatWidget.tsx",126,4761,true,"Path contains 'user'"
"src\hooks\useSubscription.ts",138,4759,true,"Path contains 'user'"
"dist\offline.html",194,4660,true,"Path contains 'user'"
"public\offline.html",194,4660,true,"Path contains 'user'"
"netlify\functions\api.ts",160,4657,true,"Path contains 'user'"
"src\utils\seedMarketData.ts",166,4652,true,"Path contains 'user'"
"scripts\test-payment-flow.js",148,4648,true,"Path contains 'user'"
"src\components\communication\WhatsAppIntegration.tsx",122,4593,true,"Path contains 'user'"
"WHATSAPP_CRASH_INVESTIGATION_REPORT.md",146,4588,true,"Path contains 'user'"
"src\hooks\useAuth.ts",144,4559,true,"Path contains 'auth'"
"src\components\ai\AIInsightAlert.tsx",138,4553,true,"Path contains 'user'"
"src\components\fields\wizard\FieldSuccess.tsx",104,4539,true,"Path contains 'user'"
"src\services\LowBandwidthEngine.ts",141,4512,true,"Path contains 'user'"
"src\hooks\useDailyTasks.ts",153,4486,true,"Path contains 'user'"
"test-onboarding-flow.js",152,4475,true,"Path contains 'user'"
"src\components\satellite\SatelliteControlPanel.tsx",130,4443,true,"Path contains 'user'"
"supabase\functions\pesapal-payment\index.ts",132,4438,true,"Path contains 'supabase'"
"src\features\onboarding\steps\StepSixGeniusPlan.tsx",123,4427,true,"Path contains 'user'"
"src\utils\devMemory.ts",160,4422,true,"Path contains 'user'"
"src\components\crop-disease\DiseaseDetectionResult.tsx",121,4388,true,"Path contains 'user'"
"src\components\weather\FarmScoreCard.tsx",115,4383,true,"Path contains 'user'"
"src\components\farms\FarmsList.tsx",143,4380,true,"Path contains 'user'"
"supabase\migrations\20250617_god_mode_harden_database.sql",68,4371,true,"Path contains 'supabase'"
"src\utils\redirectTracker.ts",190,4370,true,"Path contains 'user'"
"src\components\ui\alert-dialog.tsx",140,4354,true,"Path contains 'user'"
"supabase\functions\whatsapp-notification\index.ts",125,4352,true,"Path contains 'supabase'"
"generate_auth_filemap.js",128,4330,true,"Path contains 'auth'"
"src\components\oracle\ShareableScreenshot.tsx",156,4303,true,"Path contains 'user'"
"src\components\weather\MarketImpact.tsx",134,4289,true,"Path contains 'user'"
"src\components\ui\sheet.tsx",132,4220,true,"Path contains 'user'"
"src\components\ui\dialog.tsx",132,4215,true,"Path contains 'user'"
"src\components\fields\QuickAddField.tsx",134,4200,true,"Path contains 'user'"
"src\pages\UpgradePage.tsx",120,4188,true,"Path contains 'user'"
"src\components\fields\wizard\steps\StepSoilIrrigation.tsx",139,4177,true,"Path contains 'user'"
"src\components\ProUpgradeModal.tsx",108,4167,true,"Path contains 'user'"
"supabase\migrations\20250626000000_add_market_listings.sql",89,4141,true,"Path contains 'supabase'"
"src\utils\sentinelHubAuth.ts",148,4137,true,"Path contains 'auth'"
"src\middleware\accessControlMiddleware.ts",147,4136,true,"Path contains 'user'"
"dist\optimized\splash-1242x2688.webp",6,4130,true,"Path contains 'user'"
"public\optimized\splash-1242x2688.webp",6,4130,true,"Path contains 'user'"
"src\hooks\use-toast.ts",192,4087,true,"Path contains 'user'"
"src\components\ui\form.tsx",177,4077,true,"Path contains 'user'"
"dist\optimized\splash-828x1792.webp",37,4054,true,"Path contains 'user'"
"public\optimized\splash-828x1792.webp",37,4054,true,"Path contains 'user'"
"src\hooks\useWeather.ts",137,4029,true,"Path contains 'user'"
"src\services\OfflineEngine.ts",152,4011,true,"Path contains 'user'"
"src\features\onboarding\steps\StepThreeGoals.tsx",118,3986,true,"Path contains 'user'"
"src\styles\glass-empire.css",141,3963,true,"Path contains 'user'"
"routing-validation-checklist.md",80,3910,true,"Path contains 'user'"
"src\components\LanguageSelector.tsx",111,3848,true,"Path contains 'user'"
"supabase\migrations\20250809_create_farm_plans.sql",89,3827,true,"Path contains 'supabase'"
"src\lib\gamificationEngine.ts",157,3798,true,"Path contains 'user'"
"src\utils\authUtils.ts",140,3777,true,"Path contains 'auth'"
"src\hooks\useFarms.ts",140,3753,true,"Path contains 'user'"
"src\features\auth\components\SignupPage.tsx",108,3751,true,"Path contains 'auth'"
"validate_schema_fixes.sql",109,3740,true,"Path contains 'user'"
"src\features\auth\components\LoginPage.tsx",105,3713,true,"Path contains 'auth'"
"manual-testing-checklist.md",117,3707,true,"Path contains 'user'"
"supabase\functions\crop-scan\index.ts",118,3694,true,"Path contains 'supabase'"
"src\components\pro\VerifySubscription.tsx",120,3665,true,"Path contains 'user'"
"src\services\pesapal.ts",132,3650,true,"Path contains 'user'"
"supabase\migrations\20250128_create_whatsapp_integration_tables.sql",90,3633,true,"Path contains 'supabase'"
"logs\mcp-puppeteer-2025-08-18.log",31,3630,true,"Path contains 'user'"
"src\api\cropDiseaseApi.ts",108,3626,true,"Path contains 'user'"
"src\components\fields\MapNavigator.tsx",132,3626,true,"Path contains 'user'"
"src\features\onboarding\steps\StepFiveProfile.tsx",112,3619,true,"Path contains 'user'"
"scripts\emergency-deploy-payment-fixes.js",95,3615,true,"Path contains 'user'"
"validate-bug-fix.cjs",91,3615,true,"Path contains 'user'"
"src\components\organic\ViralCard.tsx",100,3608,true,"Path contains 'user'"
"src\services\storageService.ts",102,3590,true,"Path contains 'user'"
"src\lib\offlineStorage.ts",131,3536,true,"Path contains 'user'"
"src\features\onboarding\steps\StepOneFarmVitals.tsx",112,3528,true,"Path contains 'user'"
"tailwind.config.ts",115,3510,true,"Path contains 'user'"
"src\services\aiServices.ts",149,3508,true,"Path contains 'user'"
"src\components\ai\FieldBrainMiniPanel.tsx",98,3481,true,"Path contains 'user'"
"src\features\mission-control\taskTypes.ts",100,3480,true,"Path contains 'user'"
"src\utils\apiRequestHandler.ts",121,3457,true,"Path contains 'user'"
"src\features\mission-control\components\TaskCard.tsx",79,3454,true,"Path contains 'user'"
"src\services\PremiumEngine.ts",92,3410,true,"Path contains 'user'"
"logs\.54d3b904f78f5112674a0410f34903ce29d957c6-audit.json",70,3409,true,"Path contains 'user'"
"supabase\migrations\20250716203940-bd9950e3-2ee2-4f8d-bd92-ce54427b139d.sql",114,3399,true,"Path contains 'supabase'"
"src\components\mobile\SwipeableCard.tsx",123,3373,true,"Path contains 'user'"
"src\components\oracle\GrowthTrails.tsx",148,3370,true,"Path contains 'user'"
"CRUSH.md",99,3368,true,"Path contains 'user'"
"src\utils\setupMarketData.ts",124,3337,true,"Path contains 'user'"
"dist\optimized\splash-1242x2208.webp",4,3270,true,"Path contains 'user'"
"public\optimized\splash-1242x2208.webp",4,3270,true,"Path contains 'user'"
"debug-app.html",84,3236,true,"Path contains 'user'"
"supabase\migrations\20250731_add_irrigation_type.sql",71,3153,true,"Path contains 'supabase'"
"src\lib\code-scanner\index.ts",102,3145,true,"Path contains 'user'"
"supabase\migrations\20250419_ai_insights_cron.sql",93,3141,true,"Path contains 'supabase'"
"src\core\data\tasks.ts",100,3140,true,"Path contains 'user'"
"dist\icons\icon-192x192.png",46,3132,true,"Path contains 'user'"
"src\hooks\use-disease-gallery.ts",117,3131,true,"Path contains 'user'"
"src\components\auth\AdminGuard.tsx",109,3099,true,"Path contains 'auth'"
"src\components\fields\ZeroFrictionFieldCreator.tsx",82,3091,true,"Path contains 'user'"
"supabase\migrations\20250621_user_credits.sql",97,3081,true,"Path contains 'supabase'"
"src\components\mobile\DopamineToast.tsx",94,3071,true,"Path contains 'user'"
"src\components\onboarding\OnboardingProgress.tsx",94,3057,true,"Path contains 'user'"
"src\hooks\useVoiceCommand.ts",102,3029,true,"Path contains 'user'"
"src\components\dashboard\PowerHeader.tsx",78,3022,true,"Path contains 'user'"
"src\lib\code-scanner\comment-detector.ts",103,2980,true,"Path contains 'user'"
"src\components\ui\drawer.tsx",117,2977,true,"Path contains 'user'"
"dist\optimized\splash-750x1334.webp",3,2976,true,"Path contains 'user'"
"public\optimized\splash-750x1334.webp",3,2976,true,"Path contains 'user'"
"netlify\functions\pesapal-ipn-public.js",95,2975,true,"Path contains 'user'"
"src\components\fields\ResurrectedAddFieldButton.tsx",107,2938,true,"Path contains 'user'"
"src\hooks\useWeatherData.ts",97,2938,true,"Path contains 'user'"
"netlify\functions\pesapal-ipn.js",94,2900,true,"Path contains 'user'"
"src\main-working.tsx",86,2885,true,"Path contains 'user'"
"src\components\crop-disease\ConfidenceScore.tsx",114,2876,true,"Path contains 'user'"
"supabase\migrations\20250117000000_fix_rls_security_issues.sql",68,2853,true,"Path contains 'supabase'"
"src\styles\chat-design-tokens.css",110,2845,true,"Path contains 'user'"
"src\components\NetworkStatus.tsx",87,2836,true,"Path contains 'user'"
"src\components\crops\CropCard.tsx",78,2822,true,"Path contains 'user'"
"src\components\CropRecommendationWrapper.tsx",94,2818,true,"Path contains 'user'"
"src\pages\OAuthCallback.tsx",78,2813,true,"Path contains 'auth'"
"dist\optimized\splash-1668x2388.webp",6,2808,true,"Path contains 'user'"
"public\optimized\splash-1668x2388.webp",6,2808,true,"Path contains 'user'"
"test-gemini-api.js",89,2808,true,"Path contains 'user'"
"scripts\deploy-payment-system.js",76,2802,true,"Path contains 'user'"
"src\components\OfflineModeBanner.tsx",92,2787,true,"Path contains 'user'"
"src\components\ui\pagination.tsx",118,2781,true,"Path contains 'user'"
"src\features\auth\components\Onboarding.tsx",84,2771,true,"Path contains 'auth'"
"src\services\offlineManager.ts",96,2767,true,"Path contains 'user'"
"src\components\ui\table.tsx",118,2759,true,"Path contains 'user'"
"src\hooks\use-disease-detection.ts",101,2757,true,"Path contains 'user'"
"supabase\functions\pesapal-webhook\index.ts",89,2746,true,"Path contains 'supabase'"
"fix_farm_plans.sql",87,2738,true,"Path contains 'user'"
"api\pesapal\initiate-payment.js",89,2735,true,"Path contains 'user'"
"src\components\mobile\FloatingActionButton.tsx",94,2728,true,"Path contains 'user'"
"src\utils\supabaseResponseHandler.ts",90,2715,true,"Path contains 'supabase'"
"src\components\navigation\TopNav.tsx",63,2701,true,"Path contains 'user'"
"src\services\WeatherActionEngine.ts",91,2687,true,"Path contains 'user'"
"src\components\ui\breadcrumb.tsx",116,2683,true,"Path contains 'user'"
"src\services\EthnoScienceEngine.ts",90,2678,true,"Path contains 'user'"
"src\services\MarketIntelligenceEngine.ts",79,2666,true,"Path contains 'user'"
"src\components\FieldSelectCallback.tsx",75,2664,true,"Path contains 'callback'"
"src\components\ui\calendar.tsx",65,2662,true,"Path contains 'user'"
"logs\mcp-puppeteer-2025-08-20.log",23,2658,true,"Path contains 'user'"
"dist\optimized\splash-1536x2048.webp",6,2656,true,"Path contains 'user'"
"public\optimized\splash-1536x2048.webp",6,2656,true,"Path contains 'user'"
"src\hooks\useDashboardManager.ts",79,2634,true,"Path contains 'user'"
"dist\assets\ImageOptimizer-zVbPkwt9.js",2,2622,true,"Path contains 'user'"
"src\components\organic\EconomicImpactTracker.tsx",75,2609,true,"Path contains 'user'"
"supabase\functions\pesapal-proxy\index.ts",78,2600,true,"Path contains 'supabase'"
"netlify\functions\test-api.ts",93,2593,true,"Path contains 'user'"
"src\components\mobile\AchievementCelebration.tsx",82,2582,true,"Path contains 'user'"
"api\pesapal\ipn.js",80,2578,true,"Path contains 'user'"
"dist\optimized\splash-1125x2436.webp",2,2564,true,"Path contains 'user'"
"public\optimized\splash-1125x2436.webp",2,2564,true,"Path contains 'user'"
"logs\mcp-puppeteer-2025-08-19.log",22,2541,true,"Path contains 'user'"
"src\components\fields\AddFieldButton.tsx",90,2541,true,"Path contains 'user'"
"src\services\weatherService.ts",92,2541,true,"Path contains 'user'"
"src\hooks\useRealTimeAI.ts",100,2540,true,"Path contains 'user'"
"src\context\UserMetaContext.tsx",81,2531,true,"Path contains 'user'"
"src\hooks\use-code-scanner.ts",93,2516,true,"Path contains 'user'"
"src\config\environment.ts",82,2501,true,"Path contains 'user'"
"src\services\soilTypeService.ts",95,2497,true,"Path contains 'user'"
"supabase\functions\weather\index.ts",72,2494,true,"Path contains 'supabase'"
"src\agents\GenieAgent.ts",68,2490,true,"Path contains 'user'"
"src\components\fields\AddFieldWizardButton.tsx",91,2480,true,"Path contains 'user'"
"src\middleware\apiResponseMiddleware.ts",74,2478,true,"Path contains 'user'"
"dist\icons\icon-152x152.png",32,2471,true,"Path contains 'user'"
"supabase\migrations\20250809_fix_farm_plans_schema.sql",69,2468,true,"Path contains 'supabase'"
"src\components\fields\FieldCard.tsx",77,2460,true,"Path contains 'user'"
"src\components\weather\WeatherWidget.tsx",81,2437,true,"Path contains 'user'"
"src\components\oracle\HealthGlowOverlay.tsx",104,2435,true,"Path contains 'user'"
"dist\optimized\splash-640x1136.webp",34,2428,true,"Path contains 'user'"
"public\optimized\splash-640x1136.webp",34,2428,true,"Path contains 'user'"
"test-results\favicon.svg",6,2386,true,"Path contains 'user'"
"TESTING-READY.md",78,2377,true,"Path contains 'user'"
".env",38,2374,true,"Path contains 'user'"
"src\components\ui\orbital-loader.tsx",84,2353,true,"Path contains 'user'"
"dist\icons\icon-144x144.png",12,2315,true,"Path contains 'user'"
".env.example",63,2314,true,"Path contains 'user'"
"src\utils\chat-design-system.ts",90,2303,true,"Path contains 'user'"
"src\features\fields\hooks\useSaveFieldBoundary.ts",71,2285,true,"Path contains 'user'"
"supabase\migrations\20250117000001_rls_security_summary.sql",58,2283,true,"Path contains 'supabase'"
"supabase\migrations\20250117000002_create_ai_indexes.sql",57,2262,true,"Path contains 'supabase'"
".env.production",60,2261,true,"Path contains 'user'"
"src\components\credits\CreditManagementPanel.tsx",55,2246,true,"Path contains 'user'"
"spec\functions\index.md",53,2209,true,"Path contains 'user'"
"src\pages\Tasks.tsx",59,2181,true,"Path contains 'user'"
"src\components\pwa\InstallPrompt.tsx",70,2176,true,"Path contains 'user'"
"src\types\field.ts",92,2153,true,"Path contains 'user'"
"supabase\functions\update-payment-status\index.ts",73,2153,true,"Path contains 'supabase'"
"src\components\ui\tabs.tsx",83,2140,true,"Path contains 'user'"
"src\components\ui\input-otp.tsx",70,2130,true,"Path contains 'user'"
"vite.config.ts",78,2122,true,"Path contains 'user'"
"src\pages\AddCrop.tsx",73,2115,true,"Path contains 'user'"
"src\pages\api\generate-tasks.ts",53,2106,true,"Path contains 'user'"
"src\components\oracle\MobileResponsiveWrapper.tsx",80,2102,true,"Path contains 'user'"
"src\services\fieldService.ts",87,2084,true,"Path contains 'user'"
"dist\icons\icon-128x128.png",6,2051,true,"Path contains 'user'"
"src\vite-env.d.ts",68,2044,true,"Path contains 'user'"
"supabase\migrations\20250617_harden_database.sql",39,2035,true,"Path contains 'supabase'"
"src\components\organic\SocialShareCard.tsx",64,2022,true,"Path contains 'user'"
"supabase\migrations\20250120000001_create_payments_tables.sql",50,2017,true,"Path contains 'supabase'"
"src\components\ui\card.tsx",80,2005,true,"Path contains 'user'"
"src\components\farms\FarmSwitcher.tsx",68,2003,true,"Path contains 'user'"
"scripts\build-production.js",64,1999,true,"Path contains 'user'"
"supabase\functions\create_farm_tasks_policy_if_not_exists\index.ts",64,1993,true,"Path contains 'supabase'"
"src\hooks\useBackendFeatures.ts",71,1974,true,"Path contains 'user'"
"src\components\ui\accordion.tsx",57,1965,true,"Path contains 'user'"
"src\components\organic\ViralShareButton.tsx",73,1941,true,"Path contains 'user'"
"src\components\home\FeatureLink.tsx",59,1935,true,"Path contains 'user'"
"logs\mcp-puppeteer-2025-08-24.log",17,1932,true,"Path contains 'user'"
"supabase\migrations\20250622_update_profiles_table.sql",41,1888,true,"Path contains 'supabase'"
"dist\assets\diseaseCache-B4kshAct.js",2,1880,true,"Path contains 'user'"
"src\utils\sw-utils.ts",54,1853,true,"Path contains 'user'"
"src\components\ui\button.tsx",55,1833,true,"Path contains 'user'"
"dist\optimized\splash-828x1792.png",5,1826,true,"Path contains 'user'"
"public\optimized\splash-828x1792.png",5,1826,true,"Path contains 'user'"
"src\components\ui\rainbow-button.tsx",33,1818,true,"Path contains 'user'"
"src\hooks\useDashboardData.ts",57,1796,true,"Path contains 'user'"
"src\main-minimal.tsx",58,1787,true,"Path contains 'user'"
"src\utils\serviceWorkerRegistration.ts",58,1783,true,"Path contains 'user'"
"src\components\ui\toggle-group.tsx",60,1760,true,"Path contains 'user'"
"supabase\migrations\20240715120000_add_rls_policies.sql",47,1755,true,"Path contains 'supabase'"
"api\pesapal\ipn-public.js",51,1751,true,"Path contains 'user'"
"supabase\migrations\20250821000000_create_update_payment_and_subscription_rpc.sql",41,1731,true,"Path contains 'supabase'"
"dist\optimized\splash-1242x2688.png",11,1721,true,"Path contains 'user'"
"public\optimized\splash-1242x2688.png",11,1721,true,"Path contains 'user'"
"src\lib\utils.ts",62,1717,true,"Path contains 'user'"
"src\components\ui\resizable.tsx",44,1709,true,"Path contains 'user'"
"api\satellite-imagery.js",50,1696,true,"Path contains 'user'"
"src\utils\isOnline.ts",60,1668,true,"Path contains 'user'"
"src\hooks\useCropRecommendations.ts",59,1663,true,"Path contains 'user'"
"src\components\ui\scroll-area.tsx",47,1648,true,"Path contains 'user'"
"src\components\chat\ChatContainer.tsx",82,1635,true,"Path contains 'user'"
"src\hooks\useCreditTransactions.ts",61,1621,true,"Path contains 'user'"
"src\providers\SubscriptionProvider.tsx",46,1614,true,"Path contains 'user'"
"dist\optimized\splash-1668x2224.webp",2,1608,true,"Path contains 'user'"
"dist\optimized\splash-2048x2732.webp",2,1608,true,"Path contains 'user'"
"public\optimized\splash-1668x2224.webp",2,1608,true,"Path contains 'user'"
"public\optimized\splash-2048x2732.webp",2,1608,true,"Path contains 'user'"
"src\components\ui\alert.tsx",60,1608,true,"Path contains 'user'"
"src\App.tsx",48,1607,true,"Path contains 'user'"
"src\components\fields\FieldMap.tsx",56,1607,true,"Path contains 'user'"
"src\components\fields\FieldConfirmationCard.tsx",59,1579,true,"Path contains 'user'"
"api\market-prices.js",49,1570,true,"Path contains 'user'"
"src\components\mobile\VoiceCommandChip.tsx",60,1552,true,"Path contains 'user'"
"src\utils\apiResponse.ts",76,1548,true,"Path contains 'user'"
"src\analytics\index.ts",44,1526,true,"Path contains 'user'"
"src\components\fields\types.ts",63,1521,true,"Path contains 'user'"
"src\components\ui\whatsapp-icon.tsx",21,1509,true,"Path contains 'user'"
"src\analytics.ts",66,1498,true,"Path contains 'user'"
"api\whatsapp-send.js",47,1497,true,"Path contains 'user'"
"dist\icons\icon-96x96.png",4,1497,true,"Path contains 'user'"
"src\features\auth\components\PasswordStrengthMeter.tsx",66,1484,true,"Path contains 'auth'"
"src\components\ui\not-found-page.tsx",45,1479,true,"Path contains 'user'"
"dist\optimized\splash-1242x2208.png",11,1477,true,"Path contains 'user'"
"public\optimized\splash-1242x2208.png",11,1477,true,"Path contains 'user'"
"src\components\ui\radio-group.tsx",43,1473,true,"Path contains 'user'"
"dist\optimized\splash-1125x2436.png",3,1460,true,"Path contains 'user'"
"public\optimized\splash-1125x2436.png",3,1460,true,"Path contains 'user'"
"src\hooks\useSmartLocation.ts",50,1460,true,"Path contains 'user'"
"src\components\ui\toggle.tsx",44,1459,true,"Path contains 'user'"
"debug-auth.html",38,1450,true,"Path contains 'auth'"
"supabase\functions\payment-logger\index.ts",44,1440,true,"Path contains 'supabase'"
"src\components\navigation\UnifiedNavigation.tsx",42,1433,true,"Path contains 'user'"
"src\hooks\useOfflineStatus.ts",57,1419,true,"Path contains 'user'"
"supabase\migrations\20250625_fix_complete_onboarding_total_area.sql",51,1412,true,"Path contains 'supabase'"
"src\features\onboarding\YieldBadge.tsx",56,1396,true,"Path contains 'user'"
"src\components\ui\avatar.tsx",49,1393,true,"Path contains 'user'"
"src\styles\force-glass.css",49,1393,true,"Path contains 'user'"
"src\utils\network.ts",42,1389,true,"Path contains 'user'"
"src\types\global.d.ts",39,1384,true,"Path contains 'user'"
"src\lib\environment.ts",25,1366,true,"Path contains 'user'"
"src\pages\Alerts.tsx",43,1364,true,"Path contains 'user'"
"src\components\debug\EnvTest.tsx",41,1359,true,"Path contains 'user'"
"src\components\ui\tooltip.tsx",31,1351,true,"Path contains 'user'"
"supabase\migrations\20250623_referrals.sql",40,1342,true,"Path contains 'supabase'"
"api\weather.js",49,1335,true,"Path contains 'user'"
"src\components\ui\badge.tsx",40,1335,true,"Path contains 'user'"
"supabase\migrations\20240615_farm_tasks_policy.sql",47,1332,true,"Path contains 'supabase'"
"src\utils\location.ts",40,1310,true,"Path contains 'user'"
"run_schema_fixes.sh",45,1304,true,"Path contains 'user'"
"run_schema_fixes.bat",49,1295,true,"Path contains 'user'"
"src\features\onboarding\OnboardingBadge.tsx",36,1284,true,"Path contains 'user'"
"src\hooks\useAuthRefresh.ts",44,1281,true,"Path contains 'auth'"
"test-results\index.html",33,1273,true,"Path contains 'user'"
"dist\optimized\splash-750x1334.png",4,1272,true,"Path contains 'user'"
"public\optimized\splash-750x1334.png",4,1272,true,"Path contains 'user'"
"src\components\growth\OutOfCreditsModal.tsx",36,1271,true,"Path contains 'user'"
"src\components\growth\OverdriveModal.tsx",36,1266,true,"Path contains 'user'"
"src\components\Protected.tsx",43,1264,true,"Path contains 'user'"
"create-missing-tables.sql",38,1258,true,"Path contains 'user'"
"src\components\ui\popover.tsx",30,1254,true,"Path contains 'user'"
"app.json",57,1249,true,"Path contains 'user'"
"src\components\ui\GreetingBanner.tsx",41,1243,true,"Path contains 'user'"
"dist\optimized\splash-1668x2388.png",3,1241,true,"Path contains 'user'"
"public\optimized\splash-1668x2388.png",3,1241,true,"Path contains 'user'"
"supabase\migrations\20250417_user_memory.sql",32,1238,true,"Path contains 'supabase'"
"supabase\migrations\20250622_migrate_user_profiles_to_profiles.sql",33,1234,true,"Path contains 'supabase'"
"supabase\migrations\20250624_add_user_preferences.sql",37,1209,true,"Path contains 'supabase'"
"src\components\ui\hover-card.tsx",28,1208,true,"Path contains 'user'"
"logs\mcp-puppeteer-2025-08-23.log",11,1206,true,"Path contains 'user'"
"dist\icons\icon-72x72.png",4,1192,true,"Path contains 'user'"
"src\hooks\useOpenWeather.ts",48,1188,true,"Path contains 'user'"
"src\pages\Auth.tsx",35,1187,true,"Path contains 'auth'"
"src\hooks\use-local-storage.tsx",32,1178,true,"Path contains 'user'"
"dist\optimized\splash-1536x2048.png",4,1163,true,"Path contains 'user'"
"public\optimized\splash-1536x2048.png",4,1163,true,"Path contains 'user'"
"src\components\ui\switch.tsx",28,1163,true,"Path contains 'user'"
"env.template",46,1159,true,"Path contains 'user'"
"src\types\farmPlan.ts",46,1154,true,"Path contains 'user'"
"supabase\functions\restore-credits\index.ts",40,1146,true,"Path contains 'supabase'"
"supabase\functions\deduct-credits\index.ts",40,1144,true,"Path contains 'supabase'"
"src\providers\GrowthEngineProvider.tsx",44,1138,true,"Path contains 'user'"
"src\hooks\useUserFarms.ts",41,1135,true,"Path contains 'user'"
"supabase\migrations\20250128_fix_new_user_loop.sql",40,1128,true,"Path contains 'supabase'"
"src\hooks\useServiceWorker.ts",38,1115,true,"Path contains 'user'"
"src\components\ui\slider.tsx",27,1101,true,"Path contains 'user'"
"test-routing.js",32,1099,true,"Path contains 'user'"
"src\hooks\useCrops.ts",40,1098,true,"Path contains 'user'"
"supabase\migrations\20240712_field_insights.sql",29,1096,true,"Path contains 'supabase'"
"logs\mcp-puppeteer-2025-08-14.log",10,1089,true,"Path contains 'user'"
"src\components\ui\checkbox.tsx",29,1080,true,"Path contains 'user'"
"src\features\auth\components\AuthPage.tsx",34,1079,true,"Path contains 'auth'"
"src\main.tsx",40,1071,true,"Path contains 'user'"
"supabase\functions\ai-chat\README.md",30,1070,true,"Path contains 'supabase'"
"src\features\auth\services\authService.ts",27,1064,true,"Path contains 'auth'"
"dist\index.html",35,1063,true,"Path contains 'user'"
"src\components\weather\MiniChart.tsx",39,1063,true,"Path contains 'user'"
"src\pages\MarketInsightsPage.tsx",35,1053,true,"Path contains 'user'"
"src\components\ui\glowing-tab.tsx",33,1050,true,"Path contains 'user'"
"check_schema.sql",44,1020,true,"Path contains 'user'"
"spec\sql\seed.sql",18,1015,true,"Path contains 'user'"
"dist\optimized\splash-640x1136.png",6,1004,true,"Path contains 'user'"
"public\optimized\splash-640x1136.png",6,1004,true,"Path contains 'user'"
"src\components\growth\LowCreditBanner.tsx",28,1002,true,"Path contains 'user'"
"src\components\icons\GoogleIcon.tsx",17,1000,true,"Path contains 'user'"
"src\components\organic\LevelDisplay.tsx",30,988,true,"Path contains 'user'"
"dist\fallback.html",45,976,true,"Path contains 'user'"
"public\fallback.html",45,976,true,"Path contains 'user'"
"src\hooks\useUserProfile.ts",29,974,true,"Path contains 'user'"
"src\components\LayoutMenu.tsx",30,969,true,"Path contains 'user'"
"src\utils\getGreeting.ts",25,968,true,"Path contains 'user'"
"logs\mcp-puppeteer-2025-08-25.log",9,960,true,"Path contains 'user'"
"dist\optimized\splash-1668x2224.png",3,944,true,"Path contains 'user'"
"dist\optimized\splash-2048x2732.png",3,944,true,"Path contains 'user'"
"public\optimized\splash-1668x2224.png",3,944,true,"Path contains 'user'"
"public\optimized\splash-2048x2732.png",3,944,true,"Path contains 'user'"
"supabase\migrations\20240801_add_missing_field_columns.sql",22,943,true,"Path contains 'supabase'"
"supabase\migrations\20231027000000_add_custom_indexes.sql",15,937,true,"Path contains 'supabase'"
"src\features\fields\hooks\useCreateField.ts",31,936,true,"Path contains 'user'"
"src\components\organic\AchievementBadge.tsx",36,922,true,"Path contains 'user'"
"supabase\migrations\20250622_fix_profile_creation.sql",34,921,true,"Path contains 'supabase'"
"apply-critical-fixes.bat",36,906,true,"Path contains 'user'"
"src\providers\AuthProvider.tsx",28,902,true,"Path contains 'auth'"
"supabase\migrations\20250820080613_6e7e5c64-f7ac-4e16-a5ea-3bd15b2d6cb8.sql",22,885,true,"Path contains 'supabase'"
"dist\web.config",22,866,true,"Path contains 'user'"
"public\web.config",22,866,true,"Path contains 'user'"
"src\components\badges\CreditBadge.tsx",32,858,true,"Path contains 'user'"
"src\lib\code-scanner\types.ts",41,858,true,"Path contains 'user'"
"src\utils\serviceWorker.ts",23,855,true,"Path contains 'user'"
"src\components\ui\input.tsx",23,827,true,"Path contains 'user'"
"test-results\favicon.ico",5,814,true,"Path contains 'user'"
"src\features\onboarding\ProgressMeter.tsx",33,812,true,"Path contains 'user'"
"src\components\ui\textarea.tsx",25,808,true,"Path contains 'user'"
"src\components\ui\toaster.tsx",34,805,true,"Path contains 'user'"
"src\lib\hapticFeedback.ts",44,804,true,"Path contains 'user'"
"src\components\ui\progress.tsx",27,801,true,"Path contains 'user'"
"supabase\functions\referral-credit\index.ts",26,801,true,"Path contains 'supabase'"
"eslint.config.js",30,789,true,"Path contains 'user'"
"dist\service-worker.js",37,785,true,"Path contains 'user'"
"netlify.toml",41,785,true,"Path contains 'user'"
"public\service-worker.js",37,785,true,"Path contains 'user'"
"src\components\ui\separator.tsx",30,780,true,"Path contains 'user'"
"supabase\migrations\20250814183326_ac1c290a-0166-45f7-9cba-96de1b6ddf1c.sql",15,768,true,"Path contains 'supabase'"
"src\components\WhatsAppModal.tsx",30,765,true,"Path contains 'user'"
"src\services\userService.ts",30,761,true,"Path contains 'user'"
"src\lib\config.ts",29,760,true,"Path contains 'user'"
"tsconfig.prod.json",26,755,true,"Path contains 'user'"
"supabase\migrations\20250809_add_end_date_to_farm_plans.sql",21,753,true,"Path contains 'supabase'"
"index.html",31,746,true,"Path contains 'user'"
"src\components\icons\CommunityIcon.tsx",30,746,true,"Path contains 'user'"
"src\components\ui\label.tsx",26,735,true,"Path contains 'user'"
"src\components\ui\loader.tsx",20,732,true,"Path contains 'user'"
"logs\mcp-puppeteer-2025-08-16.log",7,726,true,"Path contains 'user'"
"logs\mcp-puppeteer-2025-08-21.log",7,726,true,"Path contains 'user'"
"tsconfig.json",29,726,true,"Path contains 'user'"
"supabase\migrations\20250128_create_payment_logs.sql",19,725,true,"Path contains 'supabase'"
"src\lib\simpleAuth.ts",24,723,true,"Path contains 'auth'"
"src\services\supabaseClient.ts",17,708,true,"Path contains 'supabase'"
"src\pages\Weather.tsx",23,706,true,"Path contains 'user'"
"dist\optimized\icon-512x512.webp",5,704,true,"Path contains 'user'"
"public\optimized\icon-512x512.webp",5,704,true,"Path contains 'user'"
"src\integrations\supabase\client.ts",15,695,true,"Path contains 'supabase'"
"supabase\migrations\20250112_fix_crop_records_rls.sql",17,695,true,"Path contains 'supabase'"
"src\components\loading\OptimizedLoading.tsx",30,685,true,"Path contains 'user'"
"src\pages\Farms.tsx",23,669,true,"Path contains 'user'"
"src\components\Layout.tsx",26,665,true,"Path contains 'user'"
"src\components\ui\glass-card.tsx",28,660,true,"Path contains 'user'"
"src\components\crop-disease\index.ts",15,651,true,"Path contains 'user'"
"src\components\mobile\MobileLayout.tsx",24,641,true,"Path contains 'user'"
"test-minimal.html",27,633,true,"Path contains 'user'"
"api\health.js",24,620,true,"Path contains 'user'"
"src\services\AuthenticationService.ts",22,611,true,"Path contains 'auth'"
"src\hooks\useFieldIntel.ts",24,603,true,"Path contains 'user'"
"supabase\migrations\20250604_add_onboarding_status.sql",13,599,true,"Path contains 'supabase'"
"src\components\market-data\index.ts",21,597,true,"Path contains 'user'"
"src\components\ui\sonner.tsx",24,595,true,"Path contains 'user'"
"supabase\migrations\20250802_add_map_snapshot.sql",16,579,true,"Path contains 'supabase'"
"src\types\farm.ts",29,571,true,"Path contains 'user'"
"src\types\onboarding.ts",29,567,true,"Path contains 'user'"
"src\hooks\use-mobile.tsx",20,566,true,"Path contains 'user'"
"supabase\migrations\20250714211943-ace11a3d-74e0-4761-91ae-f1d93af31f74.sql",10,546,true,"Path contains 'supabase'"
"src\pages\FarmPlanningPage.tsx",20,534,true,"Path contains 'user'"
"tsconfig.build.json",26,525,true,"Path contains 'user'"
"src\hooks\useMediaQuery.ts",17,520,true,"Path contains 'user'"
"supabase\migrations\20250622_growth_engine.sql",16,517,true,"Path contains 'supabase'"
"supabase\migrations\20250714211902-7275cde5-4a44-4ba2-86cf-96d2f278d5f8.sql",10,510,true,"Path contains 'supabase'"
"src\hooks\use-media-query.ts",17,504,true,"Path contains 'user'"
"tsconfig.test.json",23,497,true,"Path contains 'user'"
"dist\_headers",21,492,true,"Path contains 'user'"
"public\_headers",21,492,true,"Path contains 'user'"
"src\utils\validation.ts",15,469,true,"Path contains 'user'"
"src\pages\Scan.tsx",18,463,true,"Path contains 'user'"
"src\App.minimal.tsx",15,458,true,"Path contains 'user'"
"dist\.htaccess",17,451,true,"Path contains 'user'"
"public\.htaccess",17,451,true,"Path contains 'user'"
"supabase\config.toml",29,437,true,"Path contains 'supabase'"
"vite.config.minimal.ts",23,435,true,"Path contains 'user'"
"src\pages\NotFound.tsx",19,426,true,"Path contains 'user'"
"components.json",20,413,true,"Path contains 'user'"
"src\config\subscriptions.js",18,412,true,"Path contains 'user'"
"dist\optimized\icon-512x512.png",4,403,true,"Path contains 'user'"
"public\optimized\icon-512x512.png",4,403,true,"Path contains 'user'"
"logs\mcp-puppeteer-2025-08-22.log.gz",4,386,true,"Path contains 'user'"
"dist\manifest.json",15,384,true,"Path contains 'user'"
"public\manifest.json",15,384,true,"Path contains 'user'"
"dist\sitemap.xml",13,377,true,"Path contains 'user'"
"public\sitemap.xml",13,377,true,"Path contains 'user'"
"supabase\migrations\20250819_update_resource_path.sql",12,359,true,"Path contains 'supabase'"
"tsconfig.node.json",16,358,true,"Path contains 'user'"
"dist\optimized\icon-384x384.webp",1,346,true,"Path contains 'user'"
"public\optimized\icon-384x384.webp",1,346,true,"Path contains 'user'"
"src\services\AgentService.ts",8,337,true,"Path contains 'user'"
"dist\sw.js",12,329,true,"Path contains 'user'"
"public\sw.js",12,329,true,"Path contains 'user'"
"logs\mcp-puppeteer-2025-08-17.log.gz",2,328,true,"Path contains 'user'"
"src\lib\resourceUrl.ts",11,318,true,"Path contains 'user'"
"src\components\ui\collapsible.tsx",10,315,true,"Path contains 'user'"
"supabase\migrations\20250618_fix_handle_new_user_trigger.sql",13,308,true,"Path contains 'supabase'"
"src\components\user-management\index.ts",10,307,true,"Path contains 'user'"
".gitignore",27,278,true,"Path contains 'user'"
"src\components\UpdateNotification.tsx",11,268,true,"Path contains 'user'"
"dist\optimized\icon-384x384.png",3,258,true,"Path contains 'user'"
"public\optimized\icon-384x384.png",3,258,true,"Path contains 'user'"
"src\components\ui\skeleton.tsx",11,245,true,"Path contains 'user'"
"babel.config.js",11,239,true,"Path contains 'user'"
"src\utils\cn.ts",9,238,true,"Path contains 'user'"
"tsconfig.app.json",10,235,true,"Path contains 'user'"
"supabase\functions\_shared\cors.ts",5,225,true,"Path contains 'supabase'"
"dist\nginx.conf",9,216,true,"Path contains 'user'"
"public\nginx.conf",9,216,true,"Path contains 'user'"
"logs\mcp-puppeteer-2025-08-15.log.gz",4,214,true,"Path contains 'user'"
"supabase\migrations\20250625_add_missing_phone_number.sql",5,210,true,"Path contains 'supabase'"
".env.test",5,200,true,"Path contains 'user'"
"vercel.json",8,185,true,"Path contains 'user'"
"dist\optimized\icon-192x192.png",3,174,true,"Path contains 'user'"
"public\optimized\icon-192x192.png",3,174,true,"Path contains 'user'"
"src\components\ui\loader-five-demo.tsx",6,174,true,"Path contains 'user'"
"src\lib\supabase.ts",5,172,true,"Path contains 'supabase'"
"dist\optimized\icon-192x192.webp",1,168,true,"Path contains 'user'"
"public\optimized\icon-192x192.webp",1,168,true,"Path contains 'user'"
"supabase\migrations\20250127_fix_growth_log_policy.sql",5,168,true,"Path contains 'supabase'"
"supabase\migrations\20250622_update_existing_profiles.sql",5,165,true,"Path contains 'supabase'"
"dist\optimized\icon-152x152.png",3,159,true,"Path contains 'user'"
"public\optimized\icon-152x152.png",3,159,true,"Path contains 'user'"
"dist\optimized\icon-144x144.png",3,155,true,"Path contains 'user'"
"public\optimized\icon-144x144.png",3,155,true,"Path contains 'user'"
"dist\optimized\icon-128x128.png",3,152,true,"Path contains 'user'"
"public\optimized\icon-128x128.png",3,152,true,"Path contains 'user'"
"dist\optimized\icon-152x152.webp",1,146,true,"Path contains 'user'"
"public\optimized\icon-152x152.webp",1,146,true,"Path contains 'user'"
"supabase\migrations\20250625_add_total_area_to_farms.sql",3,143,true,"Path contains 'supabase'"
"src\components\ui\aspect-ratio.tsx",6,140,true,"Path contains 'user'"
"dist\optimized\icon-96x96.png",4,133,true,"Path contains 'user'"
"public\optimized\icon-96x96.png",4,133,true,"Path contains 'user'"
"dist\optimized\icon-72x72.png",3,131,true,"Path contains 'user'"
"public\optimized\icon-72x72.png",3,131,true,"Path contains 'user'"
"dist\optimized\icon-144x144.webp",1,128,true,"Path contains 'user'"
"public\optimized\icon-144x144.webp",1,128,true,"Path contains 'user'"
"dist\optimized\icon-128x128.webp",1,124,true,"Path contains 'user'"
"public\optimized\icon-128x128.webp",1,124,true,"Path contains 'user'"
"temp_types.ts",3,118,true,"Path contains 'user'"
"dist\optimized\icon-96x96.webp",1,106,true,"Path contains 'user'"
"public\optimized\icon-96x96.webp",1,106,true,"Path contains 'user'"
"supabase\functions\pesapal-ipn\.env",2,106,true,"Path contains 'supabase'"
"dist\optimized\icon-72x72.webp",1,96,true,"Path contains 'user'"
"public\optimized\icon-72x72.webp",1,96,true,"Path contains 'user'"
"src\components\ui\use-toast.ts",5,87,true,"Path contains 'user'"
"postcss.config.js",7,80,true,"Path contains 'user'"
"scripts\generate-pwa-assets.js",1,73,true,"Path contains 'user'"
"dist\robots.txt",3,71,true,"Path contains 'user'"
"public\robots.txt",3,71,true,"Path contains 'user'"
"scripts\optimize-images.js",1,70,true,"Path contains 'user'"
"dist\favicon.ico",2,50,true,"Path contains 'user'"
"public\favicon.ico",2,50,true,"Path contains 'user'"
".gitconfig",4,42,true,"Path contains 'user'"
"index.ts",1,0,true,"Path contains 'user'"
"pesapalService.ts",1,0,true,"Path contains 'user'"
"src\components\genius-tasks\AIFarmPlanCard.tsx",1,0,true,"Path contains 'user'"
"src\utils\inputValidation.ts",1,0,true,"Path contains 'user'"